,bbox,filename,cut_number,b0_Model,b1_Model,b2_Model,v,x0,t0,X_Data,t_data,x0_m,t0_ns,v_m/ns
0,0,['UG3DQUERUNTERZUG.SGY'],"[1, 10, 11, 12, 13, 14, 15, 16, 17, 18, 19, 2, 20, 21, 22, 23, 24, 25, 26, 27, 28, 29, 3, 30, 31, 32, 33, 34, 35, 36, 37, 38, 39, 4, 40, 41, 42, 43, 44, 45, 47, 48, 49, 5, 50, 51, 52, 53, 54, 55, 56, 57, 58, 59, 6, 60, 7, 8, 9]",626908.7464202137,-2143.7133289150597,1.8338571093407854,1.4768869364700845,584.4821055021179,20.681063357563005,[     575.47      575.47      572.13 ...      595.46      594.35      594.35],[     11.141      15.584      18.917 ...      15.584      14.473      11.141],3.288225628703898,10.133721045205872,0.016956708705417316
1,1,['UG3DQUERUNTERZUG.SGY'],"[1, 10, 11, 12, 13, 14, 15, 16, 17, 18, 19, 2, 20, 23, 25, 26, 27, 28, 29, 3, 30, 31, 32, 33, 34, 35, 36, 37, 38, 39, 4, 40, 43, 44, 45, 46, 47, 48, 49, 5, 50, 51, 52, 53, 54, 55, 56, 57, 58, 59, 6, 60, 7, 8, 9]",39595.93782117276,-539.7569689033746,1.864253776801934,1.464797128272865,144.76488545173015,22.956696923505998,[     133.31      133.31       132.2 ...      155.53       152.2       152.2],[     6.6969      11.141      12.252 ...      17.806      14.473      11.141],0.8144297353121246,11.248781492517939,0.016817900953217543
2,2,['UG3DQUERUNTERZUG.SGY'],"[1, 10, 11, 12, 13, 14, 16, 17, 18, 19, 2, 20, 21, 22, 23, 24, 25, 26, 27, 28, 29, 3, 30, 31, 32, 34, 35, 36, 37, 38, 39, 4, 41, 42, 43, 44, 45, 46, 47, 48, 49, 5, 50, 51, 52, 53, 54, 55, 56, 57, 58, 59, 6, 60, 7, 8, 9]",487152.72773901204,-1836.9401274757163,1.7329961189881475,1.519256841044892,529.9896829971723,19.315015303955366,[     522.14      522.14      518.81 ...      541.03       538.8       538.8],[     11.141      14.473      17.806 ...      13.363      11.141      6.6969],2.981657850898297,9.46435749893813,0.017443173926288264
3,3,['UG3DQUERUNTERZUG.SGY'],"[1, 11, 12, 13, 14, 15, 16, 17, 18, 19, 2, 20, 21, 22, 23, 24, 25, 26, 27, 28, 3, 30, 31, 32, 34, 35, 36, 37, 38, 39, 4, 41, 42, 43, 44, 45, 46, 47, 48, 49, 5, 50, 51, 53, 54, 55, 56, 58, 59, 6, 60, 7, 8, 9]",325760.89083260816,-1348.2562756330478,1.3970723154674973,1.6920786755878974,482.5291649923954,21.780803339694184,[     469.93      469.93      466.59 ...      493.26      488.81      488.81],[     11.141      15.584      18.917 ...      18.917      14.473      11.141],2.7146507172567955,10.67259363645015,0.01942740808390479
4,4,['UG3DQUERUNTERZUG.SGY'],"[1, 10, 11, 12, 13, 14, 15, 16, 17, 18, 19, 20, 21, 22, 23, 24, 25, 26, 27, 28, 29, 3, 30, 31, 33, 34, 35, 36, 37, 4, 40, 41, 42, 43, 44, 45, 46, 47, 48, 5, 51, 52, 53, 54, 56, 57, 58, 59, 6, 60, 7, 8, 9]",684143.2129585323,-2424.8427797180857,2.1644610171638945,1.3594245588769267,560.1493305930201,70.7543852515896,[     543.25      543.25      534.36 ...      601.02      595.46      595.46],[     60.022      63.355      72.242 ...      60.022      60.022      66.688],3.151332380270155,34.6696487732789,0.01560807783090131
5,5,['UG3DQUERUNTERZUG.SGY'],"[1, 10, 11, 12, 13, 14, 15, 16, 17, 18, 19, 2, 20, 21, 22, 23, 24, 25, 26, 27, 28, 29, 3, 31, 32, 33, 34, 35, 36, 37, 38, 39, 4, 40, 41, 42, 43, 44, 45, 46, 48, 49, 5, 50, 51, 52, 53, 54, 55, 56, 57, 58, 59, 6, 60, 7, 8, 9]",250413.0895216885,-1180.5636925336757,1.3942099026471297,1.6938147643423733,423.3809020765766,22.338956327625947,[     415.49      415.49      413.27 ...      433.27      432.15      432.15],[     6.6969       10.03      12.252 ...      15.584      14.473      11.141],2.3818897444533143,10.946088600536713,0.019447340788683643
6,6,['UG3DQUERUNTERZUG.SGY'],"[1, 10, 11, 12, 13, 14, 15, 16, 17, 18, 19, 2, 21, 22, 23, 24, 25, 26, 27, 28, 29, 3, 30, 33, 34, 35, 36, 37, 39, 4, 40, 41, 42, 43, 44, 46, 47, 51, 52, 53, 54, 55, 56, 57, 58, 59, 6, 60, 7, 8, 9]",992213.1747092729,-3270.4497199141115,2.7067335267026427,1.215646333364405,604.1321924840881,65.7357958720411,[     596.57      596.57      595.46 ...      621.01      617.68      617.68],[     55.578      60.022      61.133 ...      63.355      60.022      55.578],3.398774641260693,32.21053997730014,0.013957304553683
7,7,['UG3DQUERUNTERZUG.SGY'],"[1, 11, 12, 13, 14, 15, 16, 17, 18, 19, 2, 20, 21, 22, 23, 24, 25, 26, 27, 28, 29, 3, 30, 31, 32, 33, 34, 35, 36, 37, 38, 39, 4, 40, 41, 42, 43, 44, 45, 46, 47, 48, 49, 5, 50, 52, 53, 54, 55, 56, 57, 58, 59, 6, 60, 7, 8, 9]",14839.907934041148,-326.47484534917663,1.8649257984504886,1.4645331863838416,87.53025069963505,23.488197116257016,[     78.877      78.877      77.766 ...       101.1      97.762      97.762],[     11.141      14.473      15.584 ...       22.25      18.917      15.584],0.4924346030921803,11.509216586965938,0.016814870534560024
8,8,['UG3DQUERUNTERZUG.SGY'],"[1, 10, 11, 12, 13, 14, 15, 16, 17, 18, 19, 2, 20, 21, 22, 23, 24, 25, 26, 27, 28, 29, 3, 30, 31, 32, 33, 34, 35, 36, 37, 38, 39, 4, 40, 41, 42, 43, 44, 45, 46, 47, 48, 49, 5, 50, 51, 52, 53, 55, 56, 57, 58, 59, 6, 60, 7, 8, 9]",859003.5966340145,-2446.804315554403,1.7432608838946897,1.5147773512426044,701.7894849128658,20.80448235990921,[     693.22      693.22      692.11 ...      708.78      709.89      709.89],[     11.141      15.584      16.695 ...      28.916      28.916      11.141],3.948182756190525,10.194196356355512,0.017391743175666403
9,9,['UG3DQUERUNTERZUG.SGY'],"[1, 10, 11, 12, 13, 14, 15, 16, 17, 18, 19, 2, 20, 21, 22, 23, 24, 25, 26, 27, 28, 29, 3, 30, 31, 32, 33, 34, 35, 36, 37, 38, 39, 4, 40, 41, 42, 43, 44, 45, 46, 47, 48, 49, 5, 50, 51, 52, 53, 54, 55, 56, 57, 58, 59, 6, 60, 7, 8, 9]",1103490.1231923623,-3291.5990792842263,2.4640284439911797,1.2741106245585976,667.9304143812085,64.88878709610314,[     668.78      668.78      666.56 ...      684.34      683.23      683.23],[     46.691      50.023      52.245 ...      56.689      55.578      51.134],3.757695720850681,31.79550567709054,0.01462855563659804
10,10,['UG3DQUERUNTERZUG.SGY'],"[1, 10, 11, 13, 14, 15, 18, 19, 2, 20, 21, 22, 24, 25, 26, 27, 28, 31, 32, 33, 34, 37, 38, 42, 44, 46, 52, 53, 54, 56, 57, 58, 6, 60, 7, 8]",49922.23823665343,-769.1001832190432,3.489591156192042,1.0706381681251642,110.19918219564595,86.86272289091231,[     91.097      91.097      87.764 ...      128.87      127.76      127.76],[     77.797      82.241      85.573 ...      83.352      82.241      77.797],0.6199672697364048,42.56273421654703,0.012292409863947465
11,11,['UG3DQUERUNTERZUG.SGY'],"[1, 14, 15, 18, 19, 2, 20, 21, 22, 23, 24, 25, 26, 28, 29, 3, 30, 31, 32, 33, 35, 36, 37, 38, 39, 40, 41, 43, 44, 47, 48, 49, 5, 50, 51, 53, 54, 55, 56, 58, 59, 6, 60, 7, 8, 9]",473.16077493707235,6.416876069970662,1.4186183779515966,1.6791798139354157,-2.261663943489955,21.584817958890092,[     2.2219      2.2219      5.5547 ...      14.442      11.109      11.109],[     11.141      25.583      25.583 ...       22.25      18.917      15.584],-0.012723847783347146,10.576560799856145,0.01927931127684969
12,12,['UG3DQUERUNTERZUG.SGY'],"[1, 10, 11, 14, 15, 16, 2, 23, 24, 25, 26, 27, 28, 29, 3, 30, 31, 32, 33, 34, 35, 36, 37, 38, 39, 40, 41, 42, 43, 44, 45, 46, 47, 48, 49, 5, 50, 51, 52, 53, 54, 55, 56, 57, 58, 59, 60, 8, 9]",56601.69122978498,-588.7537027039531,1.5435293437210973,1.609802326024525,190.71671850585042,21.426715470446986,[     175.53      175.53       172.2 ...      187.75      192.19      192.19],[     11.141      14.473      17.806 ...      17.806      17.806      11.141],1.0729491899063315,10.499090580519024,0.0184827615720833
13,13,['UG3DQUERUNTERZUG.SGY'],"[1, 10, 11, 12, 13, 14, 15, 16, 17, 18, 19, 2, 20, 21, 22, 24, 25, 26, 27, 28, 29, 3, 30, 31, 32, 33, 34, 35, 36, 37, 38, 39, 4, 40, 41, 42, 43, 44, 45, 46, 47, 49, 50, 51, 52, 53, 54, 56, 57, 58, 59, 6, 60, 7, 8, 9]",10687.872329205451,-251.64125632807554,2.979139768972264,1.1587361498971518,42.23387887821156,73.30742908426802,[     33.328      33.328      24.441 ...      63.323      56.658      56.658],[     60.022      63.355      72.242 ...       70.02      63.355      60.022],0.23760269411089488,35.92064025129133,0.01330389678116079
14,14,['UG3DQUERUNTERZUG.SGY'],"[10, 11, 12, 13, 14, 15, 16, 7, 8, 9]",100779.59538522176,-669.5496579565763,1.1177640564526647,1.8917115942839997,299.50402058975607,22.653655642665893,"[     286.62      286.62      283.29      283.29      281.07      277.73      277.73      281.07       284.4      285.51      292.18      293.29       294.4      296.62      297.73      298.84      299.95      301.06      312.17       314.4       314.4      313.28      313.28      312.17      312.17      307.73
      307.73      287.73      287.73      283.29      283.29      282.18      282.18      281.07      281.07      279.96      279.96      277.73      273.29      273.29      276.62      277.73      277.73      278.85      278.85      279.96      279.96       284.4      285.51      291.07      292.18       294.4
      296.62      297.73      298.84      299.95      301.06      311.06      311.06      313.28       314.4      315.51      315.51       314.4       314.4      313.28      313.28      311.06      311.06      307.73      307.73      286.62      286.62       284.4       284.4      282.18      282.18      281.07
      277.73      277.73      281.07       284.4      285.51      286.62      286.62      288.84      289.95       294.4      297.73      298.84      299.95      301.06      309.95      311.06      313.28       314.4       314.4      313.28      313.28      311.06      311.06      307.73      307.73      287.73
      287.73      283.29      283.29      281.07      277.73      277.73      281.07      291.07      292.18       294.4      295.51      296.62      299.95      301.06      302.17      303.29       304.4      311.06      311.06      313.28       314.4      315.51      315.51       314.4       314.4      313.28
      313.28      308.84      308.84      287.73      287.73      283.29      283.29      282.18      282.18      281.07      281.07      279.96      279.96      276.62      273.29      273.29      276.62      278.85      278.85      279.96      279.96      281.07      281.07      282.18      282.18       284.4
      285.51      286.62      286.62      292.18      293.29       294.4      295.51      296.62      301.06      312.17      312.17      313.28      315.51      315.51       314.4       314.4      312.17      312.17      309.95      309.95      308.84      308.84      291.07      291.07      286.62      286.62
       284.4       284.4      283.29      283.29      282.18      282.18      281.07      277.73      277.73      282.18      282.18      283.29      283.29       284.4       284.4      285.51      285.51      295.51      296.62      298.84      303.29      307.73      308.84      311.06      311.06      312.17
      313.28       314.4      315.51      316.62      317.73      317.73      316.62      316.62      315.51      315.51      313.28      313.28      311.06      311.06      288.84      288.84      285.51      282.18      282.18      285.51      287.73      288.84      295.51      296.62      297.73      298.84
      299.95      301.06      302.17      303.29       304.4      313.28       314.4      315.51      321.06      321.06      317.73      316.62      316.62      315.51      315.51       314.4       314.4      311.06      311.06      289.95      289.95      286.62      282.18      282.18      285.51      288.84
      289.95      295.51      296.62      297.73      298.84      299.95      301.06       304.4       314.4      315.51      316.62      321.06      321.06      317.73      315.51      315.51      311.06      311.06      289.95      289.95      283.29      283.29      281.07      277.73      277.73      281.07
      282.18      282.18       284.4      285.51      295.51      296.62      297.73      298.84      299.95      301.06       304.4      307.73      307.73      308.84      309.95      309.95       314.4      315.51      317.73      318.84      319.95      319.95      318.84      318.84      317.73      317.73
      316.62      316.62      315.51      315.51       314.4       314.4      311.06      311.06      288.84      288.84      286.62      282.18      282.18      285.51       294.4      295.51      296.62      298.84      299.95      303.29      307.73      308.84      317.73      321.06      322.17      322.17
       325.5       325.5      322.17      321.06      321.06      319.95      319.95      318.84      318.84      317.73      317.73      315.51      315.51      313.28      313.28      311.06      311.06      287.73      287.73      286.62      282.18      282.18      285.51      286.62      286.62      295.51
      299.95      301.06      302.17      307.73      307.73      308.84      309.95      312.17      313.28      313.28       314.4       314.4      313.28      313.28      312.17      312.17      311.06      311.06      307.73      307.73      287.73      287.73      283.29      283.29      282.18      282.18
      281.07      281.07      279.96      279.96      278.85      278.85      277.73      273.29      273.29      276.62      277.73      281.07       284.4      285.51      286.62      286.62      287.73      287.73       294.4      295.51      296.62      299.95      308.84      309.95      312.17      313.28
      313.28       314.4      313.28      313.28      312.17      312.17      311.06      311.06      307.73      307.73      287.73      287.73      283.29      283.29      281.07      277.73      277.73      281.07      282.18      282.18       284.4      285.51      285.51      288.84      289.95       294.4
      301.06      308.84      308.84      311.06      311.06      312.17      312.17      313.28      313.28      315.51      316.62      317.73      321.06      321.06      317.73      311.06      311.06      306.62      306.62      287.73      287.73       284.4       284.4      283.29      283.29      281.07
      278.85      277.73      273.29      273.29      276.62      278.85      278.85      282.18      282.18      293.29       294.4      295.51      301.06       304.4      305.51      307.73      307.73      308.84      308.84      309.95      309.95      308.84      308.84      307.73      307.73      305.51
       304.4       304.4      308.84      308.84      317.73      317.73      319.95      319.95      321.06       325.5       325.5      321.06      318.84      318.84      317.73      313.28      311.06      311.06      309.95      309.95      306.62      306.62      287.73      287.73      283.29      283.29
      281.07      277.73      277.73      282.18      282.18       284.4      285.51      286.62      286.62      287.73      288.84       294.4      299.95      301.06      302.17      308.84      308.84      311.06      311.06      312.17      312.17      313.28       314.4      321.06      321.06      317.73
      315.51      315.51       314.4       314.4      312.17      312.17      307.73      307.73      307.73      307.73      307.73      322.17      318.84      317.73      315.51      315.51       314.4       314.4      311.06      311.06      307.73      307.73      287.73      287.73       284.4       284.4
      283.29      283.29      281.07      273.29      273.29      277.73      277.73      278.85      278.85      279.96      279.96      282.18      282.18       284.4      285.51      286.62      286.62      287.73      288.84       294.4      299.95      301.06      302.17      308.84      308.84      311.06
      311.06      312.17      312.17      315.51      317.73      317.73      318.84      318.84      322.17       325.5      322.17]","[     11.141      15.584      18.917      20.028       22.25       22.25      33.359      33.359      30.027      30.027      23.361      23.361       22.25       22.25      21.139      21.139       22.25       22.25      33.359      33.359      23.361       22.25      21.139      20.028      18.917      14.473
      11.141      11.141      14.473      18.917      21.139       22.25      23.361      24.472      26.694      27.805      30.027      32.248      32.248      43.358      43.358      42.247      40.025      38.914      37.803      36.692       34.47      30.027      30.027      24.472      24.472       22.25
       22.25      21.139      21.139       22.25       22.25      32.248      33.359      35.581      35.581       34.47      26.694      25.583      23.361       22.25      21.139      18.917      17.806      14.473      11.141      11.141      14.473      16.695      17.806      20.028      21.139       22.25
       22.25       34.47       34.47      31.138      31.138      30.027      28.916      26.694      26.694       22.25       22.25      21.139       22.25       22.25      31.138      31.138      33.359      32.248      23.361       22.25      21.139      18.917      17.806      14.473      11.141      11.141
      14.473      18.917      20.028       22.25       22.25       34.47       34.47      24.472      24.472       22.25       22.25      21.139      21.139       22.25       22.25      23.361      23.361      30.027      31.138      33.359      33.359      32.248      24.472      23.361       22.25      21.139
      20.028      15.584      11.141      11.141      14.473      18.917      20.028      21.139       22.25      23.361      24.472      25.583      26.694      30.027      30.027      44.469      44.469      42.247      40.025      38.914      37.803      36.692      35.581       34.47      33.359      31.138
      31.138      30.027      28.916      23.361      23.361       22.25       22.25      21.139      21.139      32.248      33.359       34.47      32.248      26.694      25.583       22.25      20.028      18.917      16.695      15.584      14.473      11.141      11.141      14.473      18.917      20.028
       22.25      24.472      25.583      26.694      27.805      28.916      30.027      30.027       45.58       45.58      41.136      40.025      38.914      37.803      36.692      35.581       34.47      24.472      24.472       22.25       22.25      26.694      26.694      28.916      30.027      31.138
      31.138      32.248      32.248      33.359      33.359      25.583      24.472       22.25      21.139      20.028      17.806      16.695      14.473      11.141      11.141      15.584      18.917      18.917      32.248      32.248      30.027      30.027      23.361      23.361       22.25       22.25
      21.139       22.25       22.25      23.361      23.361      32.248      32.248      31.138      31.138      24.472      24.472      23.361       22.25      21.139      20.028      18.917      17.806      14.473      11.141      11.141      14.473      17.806      17.806      32.248      32.248      28.916
      28.916      23.361      23.361       22.25       22.25      21.139       22.25       22.25      32.248      32.248      33.359      33.359      24.472      24.472       22.25      20.028      15.584      11.141      11.141      14.473      21.139      25.583      27.805      27.805      37.803      37.803
      36.692      35.581      33.359      33.359      23.361      23.361       22.25       22.25      21.139       22.25       22.25      25.583      26.694      26.694      27.805      28.916      33.359      33.359      35.581       34.47       34.47      32.248      31.138      27.805      26.694      25.583
      24.472      23.361       22.25      21.139      20.028      18.917      15.584      11.141      11.141      15.584      17.806      17.806      32.248      32.248      23.361      23.361       22.25       22.25      21.139      21.139      25.583      25.583       34.47       34.47      35.581      41.136
      41.136      35.581      35.581       34.47      33.359      32.248      30.027      28.916      26.694      25.583      24.472       22.25      21.139      18.917      17.806      15.584      11.141      11.141      15.584      16.695      16.695      33.359      33.359      32.248      31.138       22.25
       22.25      23.361      23.361      28.916      30.027      31.138      31.138      33.359      33.359      31.138      30.027      26.694      25.583      23.361       22.25      21.139      20.028      18.917      15.584      11.141      11.141      15.584      20.028       22.25      23.361      24.472
      25.583      26.694      27.805      28.916      30.027      31.138      32.248      32.248      38.914      38.914      37.803      37.803       34.47       34.47      33.359      32.248      31.138      30.027      23.361      23.361       22.25       22.25      31.138      31.138      33.359      33.359
      30.027      28.916      27.805      23.361       22.25      21.139      20.028      18.917      15.584      11.141      11.141      14.473      18.917      20.028       22.25       22.25       34.47       34.47      33.359      32.248      30.027      30.027      28.916      25.583      25.583      21.139
      21.139      28.916      30.027      32.248       34.47      35.581      41.136      41.136      37.803      35.581      35.581       34.47       34.47      26.694      26.694      20.028      18.917      14.473      11.141      11.141      14.473      17.806      18.917      20.028      21.139      23.361
      23.361      24.472      24.472      41.136      41.136      38.914      37.803       34.47      33.359       22.25       22.25      21.139      21.139      24.472      24.472      26.694      27.805      28.916      30.027      31.138      36.692      37.803      40.025      41.136      44.469      46.691
      46.691      50.023      50.023      44.469      35.581       34.47      32.248      31.138      30.027      30.027      20.028      20.028       22.25      23.361      24.472      24.472       22.25      21.139      20.028      18.917      15.584      11.141      11.141      14.473      18.917      20.028
       22.25       22.25      33.359      33.359      32.248      30.027      30.027      28.916      27.805      26.694      26.694      21.139      21.139       22.25       22.25      28.916      30.027      32.248      33.359       34.47      35.581      36.692      35.581      35.581      28.916      28.916
      26.694      25.583      24.472      23.361      21.139      20.028      15.584      11.141      46.691      50.023      46.691      24.472      28.916      28.916      26.694      25.583      24.472      23.361      20.028      18.917      15.584      11.141      11.141      14.473      17.806      18.917
      20.028      21.139      23.361      23.361      42.247      42.247      40.025      38.914      37.803      36.692      35.581      33.359      32.248      30.027      30.027      28.916      27.805      26.694      26.694      21.139      21.139       22.25       22.25      28.916      30.027      32.248
       34.47      35.581      37.803      37.803      35.581      33.359      32.248      28.916      24.472      24.472      24.472]",1.6849733929100201,11.100291264906287,0.021719470642486867
15,15,['UG3DQUERUNTERZUG.SGY'],"[10, 11, 12, 13, 14, 15, 16, 17, 18, 19, 21, 22, 8, 9]",114211.08861330771,-856.4916744679588,1.6109773674236954,1.5757425994889382,265.82982845925267,19.250225011930105,"[     253.29      253.29      248.85      248.85      247.74      247.74      246.63      246.63       243.3       243.3      241.07      237.74      237.74      241.07      241.07      242.18      242.18       243.3       243.3      253.29      253.29      258.85      259.96      261.07      263.29       264.4
      265.51      267.74      281.07      281.07       284.4       284.4      285.51      285.51      286.62      289.95      289.95      285.51      283.29      283.29      282.18      282.18      281.07      281.07      279.96      279.96      278.85      278.85      276.62      276.62      275.51      275.51
      253.29      253.29      251.07      251.07      248.85      248.85      247.74      247.74      245.52      242.18      242.18      245.52      252.18      252.18      258.85      259.96      261.07      262.18      263.29       264.4      265.51      267.74      272.18      273.29      275.51      275.51
      278.85      279.96      281.07      281.07      285.51      285.51      282.18      281.07      281.07      279.96      279.96      278.85      278.85      275.51      275.51      285.51      285.51      286.62      289.95      289.95      285.51      283.29      283.29      282.18      282.18      281.07
      281.07      279.96      279.96      278.85      278.85      277.73      277.73      275.51      275.51       274.4       274.4       254.4       254.4      252.18      251.07      249.96      249.96      248.85      248.85      247.74      247.74      246.63      246.63      245.52      242.18      242.18
      245.52      247.74      249.96      251.07      251.07      252.18      252.18       254.4       254.4      261.07      262.18      263.29       264.4      265.51      267.74      272.18      272.18      273.29      275.51      275.51      281.07      281.07      282.18      283.29       254.4       254.4
      251.07      246.63      246.63      249.96      251.07      251.07      253.29      253.29      256.63      256.63      258.85      259.96      261.07      262.18      263.29      265.51      266.62      267.74      268.85      269.96      271.07      271.07      275.51      275.51      278.85      279.96
      282.18      285.51      285.51      282.18      281.07      281.07      279.96      279.96      278.85      278.85       274.4       274.4       254.4       254.4      249.96      249.96      247.74      247.74      245.52      242.18      242.18      245.52      248.85      249.96      249.96      251.07
      251.07       254.4       254.4      255.52      256.63      261.07      262.18      263.29      265.51      266.62      268.85      273.29       274.4      276.62      276.62      277.73      278.85      279.96      282.18      282.18      281.07      281.07      279.96      279.96      278.85      278.85
      276.62      276.62      258.85      258.85       254.4      251.07      251.07      255.52      255.52      258.85      259.96       264.4      266.62      267.74      268.85      269.96      272.18      282.18       284.4      286.62      289.95      289.95      286.62      285.51      285.51       284.4
       284.4      283.29      283.29      282.18      282.18      279.96      279.96      277.73      277.73      258.85      258.85      256.63      256.63      255.52      251.07      251.07       254.4      255.52      255.52      263.29      265.51      266.62      271.07      272.18      273.29      281.07
      281.07      282.18      283.29      286.62      286.62      289.95      289.95      286.62       284.4       284.4      283.29      283.29      282.18      282.18      279.96      279.96      278.85      278.85      257.74      257.74      255.52      255.52       254.4      253.29      251.07      246.63
      246.63      249.96      251.07      251.07      255.52      255.52      263.29      265.51      266.62      268.85      269.96      271.07      281.07      282.18      283.29       284.4      286.62      289.95      289.95      286.62       284.4       284.4      283.29      283.29      282.18      282.18
      281.07      281.07      279.96      279.96      277.73      277.73      257.74      257.74      253.29      252.18      249.96      246.63      246.63      249.96      251.07      251.07      253.29       254.4       254.4      258.85      259.96       264.4      266.62      267.74      268.85      271.07
      275.51      276.62      281.07      281.07      282.18      283.29      286.62      289.95      289.95      286.62      283.29      283.29      282.18      282.18      281.07      281.07      279.96      279.96      277.73      277.73      257.74      257.74      256.63      256.63      253.29      252.18
      249.96      249.96      247.74      247.74      246.63      242.18      242.18      246.63      248.85      248.85      249.96      249.96      263.29       264.4      265.51      266.62      267.74      268.85      269.96      271.07      273.29      275.51      282.18      285.51      285.51      279.96
      277.73      277.73      276.62      276.62      275.51      275.51      258.85      258.85      253.29      252.18      251.07      246.63      246.63      249.96       264.4      266.62      267.74      268.85      269.96      271.07       274.4      275.51      282.18      283.29      285.51      289.95
      289.95      286.62       284.4       284.4      283.29      283.29      281.07      281.07      277.73      277.73      256.63      256.63       254.4      253.29      249.96      246.63      246.63      249.96      253.29       254.4       254.4      262.18      263.29       264.4      267.74      268.85
      269.96      272.18      272.18      273.29      277.73      278.85      282.18      283.29      283.29      282.18      282.18      281.07      281.07      278.85      278.85      277.73      277.73      276.62      276.62      255.52      255.52      251.07      246.63      246.63      249.96      251.07
      251.07      252.18      253.29      255.52      255.52      257.74      258.85      263.29      268.85      273.29       274.4      276.62      277.73      281.07      281.07      289.95      285.51       284.4       284.4      283.29      283.29      281.07      281.07      278.85      278.85      276.62
      276.62      256.63      256.63      253.29      252.18      249.96      246.63      246.63      249.96      252.18      253.29      257.74      258.85      263.29      267.74      268.85      269.96      277.73      278.85      281.07      285.51      285.51      282.18      279.96      279.96      277.73
      277.73      276.62      276.62      252.18      252.18      247.74      247.74      245.52      242.18      242.18      245.52      248.85      249.96      251.07      251.07      258.85      261.07      262.18       264.4      265.51      266.62      278.85      279.96      281.07      281.07      285.51
      285.51      282.18      279.96      279.96      278.85      278.85      276.62      276.62       274.4       274.4      273.29      273.29       254.4       254.4      248.85      248.85      247.74      247.74      246.63      246.63      242.18      237.74      237.74      241.07      242.18      242.18
      244.41      245.52      246.63      246.63      248.85      249.96      252.18      252.18      257.74      258.85      259.96      261.07      262.18      265.51      266.62      267.74      277.73      278.85      281.07      281.07      282.18      282.18      281.07      281.07      279.96      279.96
      278.85      278.85      276.62      276.62       274.4       274.4]","[     11.141      15.584      20.028      21.139       22.25      23.361      24.472      25.583      28.916      30.027      32.248      32.248      50.023      50.023      44.469      43.358      42.247      41.136      40.025      30.027      28.916      23.361      23.361       22.25       22.25      21.139
       22.25       22.25      35.581      36.692      40.025      41.136      42.247      43.358      44.469      44.469      35.581      35.581      33.359      32.248      31.138      27.805      26.694      25.583      24.472       22.25      21.139      20.028      17.806      16.695      15.584      11.141
      11.141      14.473      16.695      17.806      20.028      21.139       22.25      23.361      25.583      25.583      37.803      37.803      31.138      30.027      23.361      23.361       22.25       22.25      21.139      21.139       22.25       22.25      26.694      26.694      28.916      30.027
      33.359      33.359       34.47      35.581      35.581      26.694      26.694      25.583      24.472      23.361       22.25      21.139      20.028      16.695      11.141      40.025      42.247      43.358      43.358      40.025      40.025      37.803      36.692      35.581      28.916      27.805
      26.694      25.583      23.361       22.25      21.139      20.028      18.917      16.695      15.584      14.473      11.141      11.141      15.584      17.806      17.806      18.917      20.028      21.139       22.25      23.361      25.583      26.694      27.805      28.916      28.916      37.803
      37.803      35.581      35.581       34.47      33.359      32.248      31.138      28.916      27.805      21.139      21.139      20.028      20.028      21.139      21.139      25.583      26.694      26.694      28.916      30.027      35.581      36.692      37.803      37.803      11.141      15.584
      18.917      18.917       34.47       34.47      33.359      32.248      30.027      28.916      25.583      24.472       22.25       22.25      21.139      21.139      20.028      20.028      21.139      21.139       22.25       22.25      23.361      24.472      28.916      30.027      33.359      33.359
      35.581      35.581      26.694      26.694      25.583      24.472      23.361       22.25      21.139      20.028      15.584      11.141      11.141      14.473      18.917      20.028       22.25      23.361      25.583      25.583      38.914      38.914      35.581      35.581       34.47      33.359
      32.248      28.916      27.805      26.694      26.694       22.25       22.25      21.139      21.139       22.25       22.25      26.694      26.694      28.916      30.027      30.027      31.138      31.138      33.359      27.805      26.694      24.472      23.361      20.028      18.917      17.806
      15.584      11.141      11.141      14.473      18.917      18.917      31.138      31.138      30.027      26.694      26.694       22.25       22.25      21.139      21.139       22.25       22.25      32.248      32.248       34.47       34.47      31.138      31.138      30.027      28.916      27.805
      24.472      23.361       22.25      21.139      20.028      17.806      16.695      14.473      11.141      11.141      14.473      16.695      17.806      18.917      18.917      32.248      32.248      31.138      30.027       22.25       22.25      21.139      21.139       22.25       22.25      30.027
      31.138      32.248      32.248      35.581      36.692      36.692      31.138      31.138      28.916      25.583      24.472      21.139      20.028      18.917      16.695      15.584      14.473      11.141      11.141      15.584      17.806      18.917      20.028      20.028       22.25       22.25
      37.803      37.803      36.692      35.581      31.138      30.027       22.25       22.25      21.139      21.139       22.25       22.25      32.248      32.248      33.359      33.359      35.581      35.581      32.248      32.248      30.027      28.916      27.805      25.583      24.472      21.139
      20.028      18.917      17.806      16.695      14.473      11.141      11.141      15.584      20.028      20.028       22.25       22.25      36.692      36.692      35.581       34.47      32.248      32.248      31.138      26.694      26.694       22.25       22.25      21.139       22.25       22.25
      26.694      26.694      31.138      32.248      33.359      33.359      36.692      36.692      30.027      30.027      26.694      23.361       22.25      21.139      20.028      18.917      17.806      16.695      14.473      11.141      11.141      14.473      15.584      16.695      20.028      20.028
       22.25      23.361      25.583      26.694      27.805      27.805      42.247      42.247      40.025      38.914      37.803      36.692      23.361      23.361       22.25       22.25      21.139      21.139       22.25       22.25      24.472      24.472      31.138      31.138       22.25       22.25
      20.028      18.917      17.806      15.584      14.473      11.141      11.141      14.473      20.028      20.028      21.139      21.139      36.692      36.692       22.25       22.25      21.139      21.139       22.25       22.25      25.583      25.583      32.248      32.248       34.47       34.47
      27.805      27.805      25.583      24.472      23.361       22.25      20.028      18.917      15.584      11.141      11.141      15.584      17.806      17.806      21.139      21.139       34.47       34.47      31.138      31.138      30.027       22.25       22.25      21.139      21.139       22.25
       22.25      24.472      25.583      25.583      30.027      30.027      33.359      32.248      27.805      26.694      24.472      23.361       22.25      20.028      18.917      17.806      16.695      15.584      11.141      11.141      15.584      20.028      20.028       34.47       34.47      33.359
      32.248      31.138      31.138      28.916      27.805      25.583      25.583      21.139      21.139      25.583      25.583      27.805      27.805      31.138      32.248      32.248      32.248      31.138      27.805      26.694      24.472       22.25      21.139      18.917      17.806      15.584
      11.141      11.141      15.584      18.917      18.917      21.139      21.139      32.248      32.248      30.027      30.027      25.583      25.583      21.139      21.139       22.25       22.25      30.027      30.027      32.248      32.248      23.361      23.361      21.139      20.028      17.806
      16.695      15.584      11.141      11.141      15.584      20.028       22.25      24.472      24.472      35.581      35.581      32.248      32.248      31.138      30.027       22.25       22.25      21.139      21.139       22.25       22.25       34.47       34.47      35.581      36.692      36.692
      28.916      28.916      26.694      24.472      23.361       22.25      20.028      18.917      16.695      15.584      14.473      11.141      11.141      14.473      20.028      21.139       22.25      23.361      24.472      25.583      30.027      30.027      42.247      42.247      41.136      38.914
      36.692      36.692      35.581       34.47      32.248      32.248      30.027      28.916      23.361      23.361       22.25       22.25      21.139      21.139       22.25       22.25      32.248      32.248       34.47      35.581      35.581      28.916      27.805      26.694      25.583      23.361
       22.25      21.139      18.917      17.806      15.584      11.141]",1.495526461092842,9.432610255845752,0.018091708711374475
16,16,['UG3DQUERUNTERZUG.SGY'],"[10, 11, 12, 13, 14, 15, 16, 17, 18, 19, 20, 21, 22, 23, 24, 25, 26, 27, 28, 29, 3, 30, 31, 33, 34, 35, 36, 37, 4, 40, 41, 42, 44, 45, 46, 47, 48, 5, 50, 51, 52, 53, 54, 56, 57, 58, 59, 6, 60, 7, 8, 9]",792134.3768331059,-3115.6533589517853,3.083436459167117,1.1389705479345715,505.2241873979415,71.29276673032547,[     488.81      488.81      479.92 ...      518.81      515.47      515.47],[     60.022      63.355      72.242 ...      66.688      63.355      60.022],2.8423301682022024,34.93345569785948,0.013076960279394605
17,17,['UG3DQUERUNTERZUG.SGY'],"[10, 11, 12, 13, 14, 15, 16, 17, 18, 19, 2, 20, 21, 22, 24, 25, 26, 27, 28, 29, 3, 30, 31, 32, 33, 34, 35, 36, 37, 38, 39, 4, 40, 41, 42, 43, 44, 45, 46, 47, 48, 49, 5, 50, 51, 52, 54, 55, 56, 57, 58, 59, 6, 60, 7, 8, 9]",649928.135022882,-2041.3872050259051,1.6041625712317296,1.5790860836068563,636.2781558537611,21.979352224501113,[     621.01      621.01       619.9 ...      653.23      648.79      648.79],[     15.584      21.139       22.25 ...      20.028      15.584      11.141],3.579623942918487,10.769882590005546,0.018130096542459388
18,18,['UG3DQUERUNTERZUG.SGY'],"[12, 13, 26, 28, 29, 36, 37, 39, 40, 41, 42, 49, 50, 51, 52, 54, 59]",159802.20980381843,-947.1894823232597,1.4069445413990807,1.6861317498706738,336.61223113363246,19.606818412150734,"[     323.28      323.28      318.84      318.84      316.62      313.28      313.28      316.62      324.39      324.39      329.95      331.06      332.17      333.28      334.39      337.73      338.84      339.95      341.06      342.17      346.61      347.72      352.17      356.61      356.61      353.28
      349.95      349.95      348.83      348.83      347.72      347.72      327.73      327.73      326.62      326.62      318.84      318.84      316.62      313.28      313.28      316.62      322.17      322.17       325.5       325.5      326.62      326.62       335.5      337.73      338.84      339.95
      341.06      344.39      344.39       345.5      346.61      346.61      347.72      349.95      351.06      351.06      349.95      349.95      346.61      346.61      327.73      327.73      324.39      324.39      321.06      317.73      317.73      321.06      323.28      323.28       325.5       325.5
      334.39      336.61      337.73      339.95      347.72      352.17      352.17      348.83      346.61      346.61      326.62      326.62      332.17      333.28      339.95      341.06      343.28      354.39       355.5      357.72      361.05      361.05      357.72       355.5       355.5      354.39
      354.39      353.28      353.28      351.06      351.06      349.95      349.95      326.62      326.62      331.06      332.17      338.84      339.95      341.06      342.17      343.28       345.5      346.61      353.28      354.39      357.72      361.05      361.05      357.72       355.5       355.5
      354.39      354.39      351.06      351.06      349.95      349.95      331.06      331.06      337.73      338.84      339.95      341.06      342.17      343.28      353.28      354.39      356.61      356.61      357.72      357.72      361.05      361.05      357.72       355.5       355.5      354.39
      354.39      352.17      352.17      349.95      349.95      348.83      348.83       335.5       335.5      342.17      343.28      344.39      352.17      352.17      353.28      354.39      357.72      357.72      361.05      361.05      357.72       355.5       355.5      354.39      354.39      353.28
      353.28      351.06      351.06      347.72      347.72       335.5       335.5      339.95      341.06      342.17      353.28       355.5      357.72      361.05      361.05      357.72      356.61      356.61       355.5       355.5      354.39      354.39      353.28      353.28      352.17      352.17
      349.95      349.95      348.83      348.83      331.06      331.06      341.06      352.17       355.5       355.5      354.39      354.39      353.28      353.28      352.17      352.17      351.06      351.06      348.83      348.83      331.06      331.06      339.95      341.06      342.17      356.61
      356.61      361.05      361.05      357.72       355.5       355.5      354.39      354.39      353.28      353.28      352.17      352.17      351.06      351.06      349.95      349.95      348.83      348.83      331.06      331.06       335.5      336.61      339.95      348.83      349.95      354.39
      354.39      356.61      356.61      358.83      358.83      357.72      357.72       355.5       355.5      354.39      354.39      353.28      353.28      352.17      352.17      351.06      351.06      349.95      349.95      348.83      348.83      331.06      331.06      339.95      341.06      342.17
      348.83      348.83      349.95      353.28      354.39       355.5       355.5      354.39      354.39      353.28      353.28      352.17      352.17      351.06      351.06      347.72      347.72      331.06      331.06      338.84      339.95      341.06      343.28      343.28      344.39       345.5
      347.72      347.72      348.83      349.95      353.28       355.5       355.5      354.39      354.39      353.28      353.28      352.17      352.17      351.06      351.06      349.95      349.95      347.72      347.72      326.62      326.62      331.06      333.28      338.84       345.5       345.5
      347.72      347.72      348.83      349.95      351.06      352.17      353.28      356.61      356.61      353.28      351.06      351.06      349.95      349.95      348.83      348.83      347.72      347.72      346.61      346.61      326.62      326.62       325.5      322.17      322.17       325.5
      331.06      332.17      334.39      336.61      337.73      339.95      342.17      342.17       345.5       345.5      347.72      347.72      348.83      348.83      349.95      351.06      352.17      353.28      354.39       355.5       355.5      354.39      354.39      353.28      353.28      352.17
      352.17      351.06      351.06      349.95      349.95      348.83      348.83      347.72      347.72      346.61      346.61       335.5       335.5      339.95      346.61      346.61      351.06      352.17      353.28      354.39      354.39      352.17      352.17      351.06      351.06      349.95
      349.95       335.5       335.5      338.84      343.28      344.39       345.5       345.5      347.72      347.72      348.83      349.95      352.17      352.17      353.28      354.39       355.5       355.5      356.61      356.61      357.72      357.72      356.61      356.61       355.5       355.5
      354.39      354.39      353.28      353.28      352.17      352.17      351.06      351.06      349.95      349.95      348.83      348.83       335.5       335.5      339.95      346.61      346.61      348.83      348.83      349.95      352.17      356.61      356.61      353.28      352.17      352.17
      351.06      351.06      349.95      349.95      346.61      346.61       335.5       335.5      339.95      347.72      347.72      348.83      349.95      353.28      354.39       355.5       355.5      354.39      354.39      353.28      353.28      352.17      352.17      351.06      351.06      349.95
      349.95      346.61      346.61      331.06      331.06      338.84      343.28      344.39       345.5       345.5       355.5       355.5      356.61      356.61      358.83      358.83      357.72      357.72      354.39      354.39      353.28      353.28      352.17      352.17      351.06      351.06
      348.83      348.83      347.72      347.72       335.5       335.5      339.95       345.5      346.61      347.72      347.72      349.95      351.06      352.17      352.17       355.5      357.72      361.05      361.05      357.72      356.61      356.61       355.5       355.5      354.39      354.39
      353.28      353.28      351.06      351.06      347.72      347.72       335.5       335.5      342.17      343.28      347.72      348.83      349.95      353.28      353.28      357.72      357.72      362.17      363.28      364.39       365.5      366.61      369.94      369.94      366.61      364.39
      364.39      363.28      363.28      362.17      362.17      361.05      361.05      359.94      359.94      358.83      358.83      356.61      356.61      353.28      353.28      339.95      339.95      344.39       345.5      347.72      356.61      356.61      359.94      359.94       365.5       365.5
      362.17      359.94      359.94      358.83      358.83       355.5       355.5      353.28      353.28]","[     11.141      15.584      20.028      21.139      23.361      23.361      36.692      36.692      28.916      27.805       22.25       22.25      21.139      21.139      20.028      20.028      21.139      21.139       22.25       22.25      26.694      26.694      31.138      31.138      23.361      23.361
      20.028      18.917      17.806      16.695      15.584      11.141      11.141      14.473      15.584      16.695      24.472      25.583      27.805      27.805      42.247      42.247      36.692      35.581      32.248      31.138      30.027      28.916      20.028      20.028      18.917      20.028
      20.028      23.361      24.472      24.472      25.583      26.694      27.805      27.805      26.694      21.139      20.028      18.917      15.584      11.141      11.141      15.584      18.917      20.028      23.361      23.361      35.581      35.581      33.359      32.248      30.027      28.916
      20.028      20.028      18.917      18.917      26.694      26.694      16.695      16.695      14.473      11.141      11.141       22.25       22.25      21.139      21.139       22.25       22.25      33.359      33.359      35.581      35.581      28.916      28.916      26.694      24.472      23.361
       22.25      21.139      20.028      17.806      16.695      15.584      11.141      11.141       22.25       22.25      21.139      21.139       22.25       22.25      23.361      23.361      25.583      25.583      32.248      32.248      35.581      35.581      27.805      27.805      25.583      23.361
       22.25      21.139      17.806      16.695      15.584      11.141      11.141       22.25       22.25      21.139       22.25       22.25      23.361      23.361      33.359      33.359      35.581      36.692      37.803      41.136      41.136      28.916      28.916      26.694      24.472      23.361
       22.25      20.028      18.917      16.695      15.584      14.473      11.141      6.6969      21.139      21.139       22.25       22.25      30.027      31.138      32.248      32.248      35.581      36.692      36.692      27.805      27.805      25.583       22.25      21.139      20.028      18.917
      17.806      15.584      14.473      11.141      6.6969      11.141      21.139      21.139       22.25       22.25      33.359      33.359      35.581      35.581      31.138      31.138      30.027      28.916      27.805      26.694      25.583      23.361       22.25      21.139      20.028      18.917
      16.695      15.584      14.473      11.141      11.141       22.25       22.25      33.359      33.359      27.805      26.694      25.583      24.472      23.361       22.25      20.028      18.917      17.806      15.584      11.141      11.141       22.25       22.25      23.361      23.361      37.803
      41.136      41.136      32.248      32.248      30.027      27.805      26.694      25.583      24.472      23.361       22.25      21.139      20.028      18.917      17.806      16.695      15.584      11.141      11.141      23.361      23.361       22.25       22.25      31.138      31.138      35.581
      36.692      38.914       45.58       45.58      35.581       34.47      33.359      31.138      30.027      28.916      26.694      25.583       22.25      21.139      20.028      18.917      17.806      16.695      15.584      14.473      11.141      11.141       22.25       22.25      23.361      23.361
      30.027      31.138      31.138       34.47       34.47      33.359      30.027      28.916      26.694      25.583      24.472      23.361       22.25      21.139      18.917      15.584      11.141      11.141      21.139      21.139       22.25       22.25      24.472      25.583      26.694      26.694
      28.916      30.027      31.138      31.138       34.47      32.248      28.916      27.805      26.694      25.583      24.472      23.361       22.25      21.139      20.028      18.917      17.806      15.584      11.141      11.141      24.472      24.472       22.25       22.25      28.916      30.027
      32.248      33.359       34.47       34.47      35.581      35.581      36.692      36.692      28.916      28.916      26.694      23.361       22.25      21.139      20.028      18.917      17.806      16.695      15.584      11.141      11.141      15.584      16.695      16.695      30.027      30.027
      24.472      24.472       22.25       22.25      23.361      23.361      25.583      26.694      30.027      31.138      33.359       34.47      35.581      36.692      36.692      37.803      37.803      38.914      37.803      37.803      33.359      32.248      31.138      30.027      28.916      27.805
      26.694      25.583       22.25      21.139      20.028      18.917      17.806      16.695      15.584      14.473      11.141      15.584       22.25       22.25      28.916      30.027       34.47       34.47      35.581       34.47      27.805      25.583      23.361       22.25      20.028      18.917
      15.584      11.141       22.25       22.25      26.694      26.694      27.805      28.916      31.138      32.248      33.359      33.359      35.581      36.692      37.803      37.803      38.914      40.025      41.136      42.247      43.358      36.692      35.581       34.47      33.359      32.248
      31.138      28.916      27.805      26.694      25.583      23.361       22.25      18.917      17.806      16.695      15.584      11.141      11.141       22.25       22.25      28.916      30.027      32.248      33.359      33.359      35.581      35.581      26.694      26.694      25.583      24.472
      23.361      21.139      20.028      18.917      15.584      11.141      11.141       22.25       22.25      30.027      31.138      32.248      32.248      35.581      35.581       34.47      31.138      30.027      27.805      26.694      25.583      24.472      23.361       22.25      21.139      20.028
      18.917      15.584      11.141      11.141       22.25       22.25      26.694      26.694      27.805      28.916      38.914      40.025      41.136       45.58       45.58      37.803      36.692       34.47      31.138      28.916      27.805      26.694      25.583      23.361       22.25      20.028
      17.806      16.695      15.584      11.141      11.141       22.25       22.25      27.805      27.805      28.916      30.027      32.248      32.248      33.359       34.47       34.47      36.692      36.692      33.359      33.359      32.248      31.138      30.027      27.805      26.694      25.583
      24.472      23.361      21.139      18.917      15.584      11.141      11.141      24.472      24.472      25.583      25.583      26.694      26.694      30.027      31.138      35.581      36.692      41.136      41.136      42.247      42.247      43.358      43.358      41.136      41.136      38.914
      36.692      35.581      31.138      30.027      28.916      27.805      26.694      25.583      24.472      23.361       22.25      20.028      18.917      15.584      11.141      11.141      23.361      23.361      24.472      24.472      33.359       34.47      37.803      41.136      41.136      27.805
      27.805      25.583      24.472      23.361       22.25      18.917      17.806      15.584      11.141]",1.8937396969543319,9.607341021953859,0.01935912913540198
19,19,['UG3DQUERUNTERZUG.SGY'],"[12, 53, 59, 9]",102808.31474212457,-905.0090910498424,1.9988765379201112,1.4146109336203045,226.3794371190955,19.250725502192594,"[     228.85      228.85       233.3      234.41      234.41      237.74      237.74      238.85      239.96      239.96      242.18      242.18      245.52      245.52      242.18      239.96      239.96      238.85      238.85      237.74      237.74      215.52      215.52      214.41      214.41      211.08
      211.08      207.75      207.75      205.52      202.19      202.19      205.52      205.52      206.63      206.63      211.08      211.08      212.19      212.19      216.63      217.74      221.08      222.19       223.3      224.41      225.52      227.74      228.85      232.19      232.19      219.97
      219.97      215.52      215.52      212.19      212.19      208.86      208.86      205.52      202.19      202.19      205.52      209.97      209.97      212.19      212.19       223.3      224.41      225.52      227.74      228.85      236.63      236.63       233.3      232.19      232.19      231.07
      231.07      224.41      224.41      227.74      228.85      229.96      231.07      232.19      237.74      237.74      241.07      241.07      242.18      242.18      244.41      245.52      245.52      249.96      249.96      246.63      245.52      245.52      244.41      244.41       243.3      242.18
      239.96      239.96]","[     15.584      24.472      24.472      25.583      26.694      30.027      31.138      31.138      32.248      33.359      35.581      41.136      41.136      26.694      26.694      24.472      23.361       22.25      21.139      20.028      15.584      11.141      14.473      15.584      16.695      20.028
      21.139      24.472      25.583      27.805      27.805       45.58       45.58      42.247      41.136      40.025      35.581       34.47      33.359      32.248      27.805      27.805      24.472      24.472      23.361      23.361       22.25       22.25      21.139      21.139      11.141      6.6969
       10.03      14.473      15.584      18.917      20.028      23.361      24.472      27.805      27.805      43.358      43.358      38.914      37.803      35.581       34.47      23.361      23.361       22.25       22.25      21.139      21.139      13.363      13.363      12.252      11.141       10.03
      6.6969      15.584      21.139      21.139       22.25       22.25      23.361      23.361      28.916      30.027      33.359       34.47      35.581      36.692      36.692      37.803      41.136      41.136      28.916      28.916      27.805      26.694      25.583      24.472      23.361      23.361
      21.139      15.584]",1.2735833311904108,9.432855496074371,0.01624169389041367
20,20,['UG3DQUERUNTERZUG.SGY'],"[15, 16, 25, 3, 33, 35, 36, 37, 40, 41, 42, 43, 44, 45, 46, 47, 51, 52, 53, 54, 56, 57, 58, 59, 6, 60]",586160.3506856896,-2561.5096731120307,2.832889142716045,1.188270199659431,452.1019962426366,84.43063650893185,[     427.71      427.71      423.27 ...      475.48      469.93      469.93],[     77.797      82.241      86.684 ...      82.241      76.686      73.353],2.5434711462314294,41.37101188937661,0.013642988600814386
21,21,['UG3DQUERUNTERZUG.SGY'],"[23, 25, 26, 27, 28, 31, 33, 34, 35, 46]",92185.76561508937,-977.3496601962604,2.91278280656626,1.171860577601542,167.76905885207609,101.00123407576707,"[     151.09      151.09      147.75      146.64      144.42      143.31      141.09      139.98      139.98      137.76      136.65      135.53      134.42       132.2      131.09      123.31       122.2      121.09      117.76      117.76      121.09       122.2       122.2      124.43      125.54      125.54
      127.76      127.76      134.42      135.53      136.65      137.76      138.87      139.98      141.09      144.42      146.64      147.75      149.98      149.98      151.09       152.2      155.53      156.64      157.75      158.86      159.98      163.31      164.42      171.08       172.2      175.53
      176.64      177.75      178.86      179.97      182.19       183.3      192.19      192.19       193.3      194.41      197.75      201.08      201.08      202.19      201.08      201.08      199.97      199.97      198.86      198.86      197.75      197.75      196.64      196.64      195.52      195.52
      194.41      194.41      191.08      191.08      189.97      189.97      146.64      146.64      144.42      144.42      136.65      135.53      131.09      126.65      126.65      129.98      135.53      135.53      137.76      137.76       142.2       142.2      144.42      144.42      147.75      148.87
      149.98      151.09       152.2      153.31      154.42      155.53      156.64      157.75      158.86       162.2      163.31      171.08       172.2      173.31      174.42      177.75      178.86      179.97      181.08       183.3      191.08      191.08      194.41      194.41      196.64      196.64
      197.75      199.97      202.19       203.3      204.41      204.41      205.52      205.52      206.63      206.63      206.63      207.75      207.75      206.63      206.63      204.41      204.41       203.3       203.3      202.19      202.19      201.08      201.08      199.97      199.97      198.86
      198.86      196.64      196.64      194.41      194.41      189.97      189.97      146.64      146.64      144.42      144.42       142.2       142.2      138.87      137.76      135.53      131.09      131.09      134.42      136.65      136.65      138.87      138.87       142.2       142.2      148.87
      149.98       152.2      153.31      154.42      155.53      156.64      157.75      158.86      164.42      165.53      173.31      174.42      179.97      186.64      187.75       193.3      194.41      196.64      196.64      197.75      198.86      201.08      201.08      202.19       203.3       203.3
      202.19      202.19      201.08      201.08      199.97      199.97      197.75      197.75      194.41      194.41      189.97      189.97       162.2       162.2       162.2      166.64      165.53      165.53      169.97      169.97      175.53      177.75      178.86      179.97      182.19       183.3
      184.42      185.53      186.64      187.75      197.75      198.86      201.08      201.08      202.19      209.97      209.97      206.63       203.3       203.3      202.19      202.19      201.08      201.08      197.75      197.75      195.52      195.52      191.08      191.08      153.31      153.31
      156.64      157.75      163.31      164.42      168.86      169.97       172.2      173.31      174.42      175.53      169.97      169.97      165.53      166.64      166.64      147.75      147.75      143.31      143.31      135.53      134.42       132.2      131.09      125.54       122.2       122.2
      125.54      128.87      128.87      136.65      136.65      146.64      147.75      151.09       152.2      153.31      154.42      157.75      158.86      159.98      161.09       162.2      163.31      164.42      165.53      166.64      167.75      168.86      173.31      174.42      176.64      177.75
      179.97       183.3       183.3      184.42      185.53      186.64      187.75      188.86       193.3       193.3      195.52      195.52      196.64      196.64      198.86      199.97      202.19       203.3      204.41      206.63      209.97      209.97      206.63       193.3       193.3      188.86
      188.86      185.53      185.53      151.09      151.09      145.53      145.53      144.42      144.42      143.31      143.31       142.2      141.09      139.98      135.53      135.53      138.87      139.98      139.98      141.09      141.09       142.2       142.2      144.42      146.64      147.75
      148.87      149.98      151.09       152.2      153.31      156.64      157.75      158.86      159.98      161.09      177.75      178.86      179.97      181.08      182.19       183.3      184.42      188.86      188.86      195.52      195.52      196.64      196.64      197.75      199.97      201.08
      202.19       203.3      204.41      204.41       203.3       203.3      202.19      202.19      194.41      194.41      189.97      189.97      149.98      149.98      146.64      146.64      145.53      145.53      144.42      144.42       142.2       142.2      141.09      135.53      135.53      138.87
      139.98      139.98      141.09      141.09      143.31      143.31      144.42      144.42      145.53      147.75      151.09       152.2      153.31      154.42      157.75      158.86      159.98       162.2      163.31      171.08       172.2      173.31      174.42      175.53      176.64      177.75
      178.86      181.08      182.19       183.3      184.42      188.86       193.3       193.3      195.52      195.52      196.64      196.64      197.75      198.86      201.08      205.52      206.63      206.63      207.75      206.63      206.63      202.19      201.08      198.86      197.75      194.41
      194.41       193.3       193.3      187.75      187.75      151.09      151.09      148.87      148.87      147.75      147.75      146.64      146.64      145.53      145.53      141.09      139.98      138.87      135.53      135.53      139.98      141.09       142.2      144.42      144.42      145.53
      145.53      148.87      148.87       152.2      153.31      155.53      156.64      158.86      159.98      161.09      163.31      164.42       172.2      173.31      175.53      177.75      178.86      188.86      189.97      192.19      192.19       193.3      194.41      195.52      196.64      197.75
      197.75      196.64      196.64      195.52      195.52      194.41      194.41       193.3       193.3      184.42       183.3      182.19      182.19      151.09      151.09      145.53      145.53      143.31      143.31       142.2      141.09      139.98      135.53      135.53      139.98      139.98
      141.09      141.09      143.31      143.31      144.42      144.42      149.98      151.09      153.31      154.42      155.53      156.64      157.75      158.86      159.98      161.09       162.2      169.97      171.08      173.31      174.42      175.53      176.64      177.75      178.86      179.97
      181.08      182.19       183.3      184.42      185.53      186.64      187.75      188.86      191.08      192.19       193.3       193.3      195.52      195.52      197.75      198.86      199.97      205.52      205.52      201.08      197.75      196.64       193.3       193.3      192.19      192.19
      191.08      191.08      187.75      187.75      185.53      185.53      184.42      184.42       152.2       152.2      146.64      146.64      145.53      145.53      144.42      144.42      138.87      135.53      135.53      138.87      141.09      141.09       142.2       142.2      143.31      143.31
      144.42      144.42      146.64      147.75      151.09       152.2      156.64      157.75      158.86      161.09       162.2      164.42      165.53      171.08       172.2      174.42      176.64      177.75      179.97      181.08       183.3      187.75      187.75      186.64      186.64      185.53
      185.53      184.42      184.42       183.3      182.19      181.08      181.08      155.53      155.53       152.2      151.09      146.64      146.64      144.42      144.42      143.31      143.31      139.98      135.53      135.53      139.98      141.09       142.2      143.31      144.42      146.64
      147.75      149.98      151.09       152.2      153.31      155.53      156.64      157.75      161.09       162.2      169.97      171.08      173.31      174.42      175.53      177.75      178.86      182.19       183.3      185.53      186.64      187.75      189.97      191.08       193.3      194.41
      194.41       193.3       193.3      192.19      192.19      189.97      189.97      184.42      184.42       183.3      182.19      181.08      181.08]","[     91.128      94.461      97.794      97.794      100.02      100.02      102.24      102.24      103.35      105.57      105.57      106.68      106.68       108.9       108.9      116.68      116.68      117.79      117.79      133.34      133.34      132.23      131.12       128.9       128.9      127.79
      125.57      124.46      117.79      117.79      116.68      116.68      115.57      115.57      114.46      114.46      112.24      112.24      110.01       108.9      107.79      107.79      104.46      104.46      103.35      103.35      102.24      102.24      101.13      101.13      102.24      102.24
      103.35      103.35      104.46      104.46      106.68      106.68      115.57      116.68      117.79      117.79      121.12      121.12       118.9      117.79      116.68      115.57      114.46      112.24      111.12      110.01       108.9      107.79      106.68      105.57      104.46      103.35
      102.24      101.13      97.794      96.683      95.572      91.128      91.128      95.572      97.794      98.905      106.68      106.68      111.12      111.12       128.9       128.9      123.35      122.23      120.01       118.9      114.46      113.35      111.12      110.01      106.68      106.68
      105.57      105.57      104.46      104.46      103.35      103.35      102.24      102.24      101.13      101.13      100.02      100.02      101.13      101.13      102.24      102.24      103.35      103.35      104.46      104.46      112.24      113.35      116.68      117.79      120.01      121.12
      122.23      122.23      124.46      124.46      125.57      127.79       128.9      133.34      134.45       138.9      134.45      133.34      130.01       128.9      125.57      123.35      122.23      121.12       118.9      117.79      114.46      113.35      111.12      110.01      107.79      106.68
      105.57      103.35      102.24      100.02      98.905      94.461      91.128      91.128      95.572      97.794      98.905      101.13      102.24      105.57      105.57      107.79      107.79      124.46      124.46      122.23      121.12       118.9      117.79      114.46      113.35      106.68
      106.68      104.46      104.46      103.35      103.35      102.24      102.24      101.13      101.13      100.02      100.02      101.13      101.13      107.79      107.79      113.35      113.35      115.57      116.68      117.79      117.79      120.01      121.12      121.12      120.01      115.57
      114.46      112.24      111.12      110.01       108.9      107.79      105.57      104.46      101.13      100.02      95.572      91.128      125.57       128.9      125.57      123.35      123.35      121.12      117.79      116.68      102.24      102.24      103.35      103.35      105.57      105.57
      106.68      106.68      107.79      107.79      117.79      117.79      120.01      121.12      122.23      122.23      117.79      117.79      114.46      112.24      111.12      110.01       108.9      107.79      104.46      103.35      101.13      100.02      95.572      91.128      91.128      101.13
      101.13      100.02      100.02      98.905      98.905      100.02      100.02      101.13      101.13      102.24      116.68      117.79      121.12      120.01      123.35      91.128      94.461      98.905      100.02      107.79      107.79      110.01      110.01      115.57      115.57      133.34
      133.34      130.01       128.9      121.12      120.01      110.01      110.01      106.68      106.68      105.57      105.57      102.24      102.24      101.13      101.13      100.02      100.02      98.905      98.905      97.794      97.794      98.905      98.905      100.02      100.02      101.13
      101.13      104.46      105.57      105.57      106.68      106.68      107.79      107.79      112.24      113.35      115.57      116.68      117.79       118.9      121.12      121.12      123.35      122.23      122.23      120.01      120.01      117.79      117.79      104.46      103.35      98.905
      97.794      94.461      91.128      91.128      94.461      100.02      101.13      102.24      104.46      105.57      106.68      107.79      107.79       108.9       108.9       118.9       118.9      117.79      116.68      115.57      114.46      113.35      112.24      110.01      110.01       108.9
       108.9      107.79      107.79      106.68      106.68      103.35      103.35      102.24      102.24      101.13      101.13      102.24      102.24      103.35      103.35      104.46      104.46       108.9      110.01      116.68      117.79       118.9      120.01      121.12      121.12      122.23
      121.12      121.12      120.01      115.57      114.46      111.12      110.01       108.9      101.13      100.02      95.572      91.128      91.128      95.572      98.905      100.02      101.13      103.35      104.46      106.68       108.9      111.12      112.24      112.24      123.35      123.35
      122.23      120.01       118.9      117.79      115.57      114.46      113.35      112.24      111.12      111.12      107.79      107.79      106.68      106.68      103.35      103.35      102.24      102.24      101.13      101.13      102.24      102.24      103.35      103.35      104.46      104.46
      105.57      105.57      106.68      106.68      107.79      107.79      112.24      113.35      115.57      116.68      117.79       118.9      120.01      120.01      122.23      122.23      121.12       118.9      117.79      116.68      115.57      111.12      111.12       108.9       108.9      105.57
      103.35      102.24      101.13      95.572      91.128      91.128      94.461      96.683      97.794      98.905      100.02      101.13      102.24      103.35      104.46       108.9       108.9      110.01      110.01      122.23      122.23      121.12      121.12       118.9      117.79      116.68
      115.57      112.24      111.12      107.79      107.79      105.57      105.57      103.35      103.35      102.24      102.24      101.13      101.13      102.24      102.24      104.46      104.46      114.46      114.46      116.68      117.79      117.79       118.9       118.9      120.01       118.9
      115.57      114.46      112.24      111.12      110.01       108.9      107.79      106.68      105.57      96.683      96.683      95.572      91.128      91.128      95.572      101.13      102.24      104.46      105.57      106.68      106.68      107.79      107.79      123.35      123.35      122.23
      121.12      120.01      117.79      116.68      115.57      114.46       108.9       108.9      106.68      106.68      105.57      105.57      104.46      104.46      103.35      103.35      102.24      102.24      103.35      103.35      104.46      104.46      105.57      105.57      106.68      106.68
      107.79      107.79       108.9       108.9      110.01      110.01      111.12      111.12      113.35      113.35      114.46      115.57      117.79       118.9      121.12      121.12      122.23      122.23      115.57      115.57      112.24      112.24       108.9      107.79      106.68      105.57
      104.46      103.35      100.02      98.905      96.683      95.572      94.461      91.128      91.128      95.572      101.13      102.24      103.35      104.46      105.57      106.68      112.24      112.24      124.46      124.46      122.23      121.12      120.01       118.9      117.79      116.68
      115.57      114.46      112.24      112.24       108.9       108.9      104.46      104.46      103.35      103.35      102.24      102.24      101.13      101.13      102.24      102.24      104.46      104.46      106.68      106.68       108.9       108.9      104.46      103.35      102.24      101.13
      100.02      98.905      97.794      96.683      96.683      95.572      91.128      86.684      90.017       93.35       93.35      97.794      98.905      101.13      102.24      103.35      104.46      107.79      107.79      113.35      113.35      112.24      112.24      111.12      111.12       108.9
       108.9      106.68      106.68      105.57      105.57      103.35      103.35      102.24      102.24      101.13      101.13      102.24      102.24      103.35      103.35      105.57      105.57       108.9       108.9      111.12      111.12      112.24      112.24      113.35      113.35      112.24
      110.01       108.9      106.68      105.57      103.35      101.13      100.02      94.461       93.35      92.239      92.239      91.128      86.684]",0.9438484323604843,49.49060469712587,0.013454583399081973
22,22,['UG3DQUERUNTERZUG.SGY'],"[23, 24, 25, 26, 27, 28, 29, 30, 31, 32, 33, 34, 35, 36, 37, 38, 39, 40, 41, 42, 43, 44, 45, 46, 47, 48, 49, 50, 51, 52, 54, 55, 56, 57, 58, 59, 60]",246309.56509483233,-1326.0570356053622,1.7877152686570874,1.4958251156024231,370.8803797937806,20.13197948703869,[     358.83      358.83       355.5 ...      386.61       385.5       385.5],[     11.141      14.473      17.806 ...      15.584      14.473      11.141],2.086528156364448,9.864669948648958,0.017174145246447066
23,23,['UG3DQUERUNTERZUG.SGY'],"[25, 28, 32, 41, 50, 58]",154151.9878883371,-1468.8115822354182,3.822271994440323,1.022984848674704,192.13854801174205,114.21175741387468,"[     175.53      175.53      174.42      174.42      173.31       172.2      169.97      169.97      165.53      165.53      164.42      164.42       162.2       162.2      164.42      165.53      166.64      166.64      168.86      168.86       172.2       172.2      176.64      176.64      178.86      181.08
      182.19      184.42      185.53      186.64       193.3       193.3      195.52      195.52      198.86      199.97       203.3       203.3      204.41      204.41      205.52      205.52      206.63      207.75      207.75      206.63      206.63      204.41      204.41       203.3       203.3      202.19
      202.19      201.08      201.08      199.97      199.97      198.86      198.86      171.08      169.97      169.97      168.86      167.75      166.64      166.64      166.64      167.75      169.97      169.97      171.08      171.08      176.64      178.86      181.08      182.19       183.3      184.42
      186.64      187.75      189.97      189.97      197.75      198.86      199.97       203.3      204.41      204.41      205.52      205.52      204.41      204.41       203.3       203.3       193.3       193.3      191.08      191.08      157.75      157.75      166.64      167.75      169.97      171.08
      173.31      174.42      175.53      176.64      165.53      165.53      161.09      161.09      158.86      158.86      156.64      156.64      149.98      148.87      147.75      144.42      144.42      153.31      153.31      154.42      154.42      155.53      155.53      156.64      156.64      159.98
      159.98       162.2       162.2      164.42      164.42      167.75      167.75      168.86      168.86      171.08      171.08      173.31      173.31      174.42      174.42      178.86      185.53      186.64      188.86      191.08      192.19       193.3      195.52      196.64      197.75      198.86
      199.97      201.08      202.19      205.52      205.52      207.75      207.75      208.86      208.86      206.63      206.63      175.53      175.53      176.64      176.64      177.75      177.75       172.2      171.08      165.53      149.98      151.09      151.09      144.42      144.42      149.98
      157.75      153.31      153.31      157.75      157.75      158.86      159.98       162.2      165.53      166.64      173.31      173.31      174.42      175.53      177.75      178.86      182.19       183.3      184.42      186.64      187.75      189.97      192.19       193.3      194.41      201.08
      202.19      202.19       203.3       203.3      179.97      179.97      178.86      178.86      177.75      177.75       172.2      171.08      165.53      165.53      163.31      163.31      161.09      161.09      159.98      159.98      158.86      178.86      178.86      166.64      166.64      164.42
      164.42       162.2       162.2      161.09      161.09      159.98      159.98      157.75      157.75       152.2      148.87      148.87      153.31      154.42      154.42      157.75      157.75      158.86      158.86      159.98      159.98      161.09      161.09      167.75      167.75      168.86
      169.97       172.2       172.2      175.53      176.64      179.97      181.08      182.19       183.3      184.42      185.53      187.75      192.19       193.3      198.86      199.97       203.3      204.41      205.52      206.63      207.75      209.97      211.08      211.08      212.19      212.19
       213.3       213.3      181.08      181.08      177.75      176.64      173.31       172.2      167.75      166.64      165.53      165.53      163.31      163.31      156.64      153.31      153.31      157.75      157.75      161.09      161.09      164.42      164.42      175.53      176.64      178.86
      181.08      182.19      184.42      185.53      188.86      189.97      198.86      199.97      202.19       203.3      204.41      206.63      207.75      208.86      209.97      209.97      211.08      211.08      212.19      212.19]","[     100.02      107.79       108.9      110.01      111.12      111.12      113.35      114.46       118.9      120.01      121.12      123.35      125.57      130.01      127.79      127.79      126.68      125.57      123.35      122.23       118.9      117.79      113.35      111.12       108.9       108.9
      107.79      107.79       108.9       108.9      115.57      116.68       118.9      120.01      123.35      123.35      126.68      127.79       128.9      131.12      132.23      133.34      134.45      133.34      126.68      125.57      123.35      121.12      120.01       118.9      116.68      115.57
      112.24      111.12       108.9      107.79      105.57      104.46      100.02      117.79       118.9      120.01      121.12      121.12      122.23      125.57      123.35      122.23      122.23      120.01       118.9      117.79      103.35      103.35      105.57      105.57      106.68      106.68
       108.9       108.9      111.12      112.24      120.01      120.01      121.12      121.12      120.01       118.9      117.79      116.68      115.57      111.12      110.01      107.79      97.794      96.683      94.461      91.128      91.128      98.905      98.905      100.02      100.02      101.13
      101.13      102.24      102.24      103.35      120.01      121.12      125.57      126.68       128.9      130.01      132.23      133.34      140.01      140.01      141.12      141.12      156.67      156.67      152.23      151.12      150.01       148.9      147.79      146.68      145.56      142.23
      141.12       138.9      137.79      135.57      134.45      131.12      130.01       128.9      127.79      125.57      124.46      122.23      121.12      120.01       118.9      114.46      114.46      115.57      115.57      117.79      117.79       118.9       118.9      120.01      120.01      121.12
      121.12      122.23      122.23       118.9      117.79      115.57      113.35      112.24      107.79      105.57      100.02      100.02      104.46      105.57      106.68      107.79       108.9      114.46      114.46      120.01      104.46      103.35      100.02      100.02      104.46      104.46
      137.79      137.79      140.01      140.01      137.79      135.57      136.68      136.68      133.34      133.34      126.68      125.57      124.46      124.46      122.23      122.23       118.9       118.9      117.79      117.79       118.9       118.9      121.12      121.12      122.23      122.23
      121.12      120.01       118.9      104.46      104.46      107.79       108.9      110.01      111.12      112.24      117.79      117.79      123.35      124.46      126.68      127.79      130.01      132.23      133.34      134.45      135.57      104.46      107.79      120.01      121.12      123.35
      124.46      126.68      127.79       128.9      130.01      131.12      132.23      134.45      135.57      141.12      141.12      156.67      156.67      155.56      154.45      151.12      150.01       148.9      147.79      146.68      145.56      144.45      143.34      136.68      135.57      134.45
      134.45      132.23      131.12      127.79      127.79      124.46      124.46      123.35      123.35      122.23      122.23      120.01      120.01      121.12      121.12      122.23      122.23      121.12      121.12      120.01      121.12      121.12      120.01       118.9      117.79      115.57
      114.46      104.46      104.46      107.79      111.12      111.12      114.46      114.46       118.9       118.9      120.01      121.12      123.35      124.46      131.12      131.12      146.68      146.68      145.56      142.23      141.12      137.79      136.68      125.57      125.57      123.35
      123.35      122.23      122.23      121.12      121.12      120.01      120.01      121.12      121.12      120.01      120.01      117.79      117.79      116.68      116.68      115.57      114.46      110.01       108.9      104.46]",1.0809482307271001,55.963761132798595,0.011745283718530428
24,24,['UG3DQUERUNTERZUG.SGY'],"[25, 31, 41, 45, 54]",705256.7900967248,-3745.4069739464803,5.058933706010584,0.8892021446857787,370.17751087511925,109.65434182837636,"[     359.94      359.94      356.61      356.61       355.5       355.5      354.39      354.39      352.17      352.17      349.95      349.95      347.72      347.72      343.28      339.95      339.95       345.5      346.61      347.72      353.28      353.28      359.94      359.94      361.05      362.17
      363.28      364.39       365.5      366.61      367.72      368.83      371.05      372.16      373.27      381.05      382.16      383.27      387.72      388.83      395.49      395.49       396.6       396.6      397.72      398.83      401.05      402.16      402.16      401.05      401.05      398.83
      398.83      397.72      397.72       396.6       396.6      392.16      392.16      389.94      389.94      388.83      388.83      387.72      387.72      386.61      382.16      382.16      357.72      357.72      354.39      354.39      352.17      352.17      351.06      351.06      348.83      348.83
      347.72      347.72      346.61      346.61       345.5       345.5      344.39      344.39      343.28      343.28      342.17      342.17      341.06      341.06      338.84       335.5       335.5      338.84      341.06      342.17      343.28      344.39      344.39      361.05      362.17      364.39
       365.5      366.61      368.83      369.94      371.05      372.16      373.27      374.39      377.72      378.83      379.94      381.05      382.16      383.27      384.38      386.61      387.72      397.72      397.72      398.83      399.94      399.94      402.16      402.16      404.38      404.38
      405.49      405.49      409.94      409.94      414.38      414.38      409.94      402.16      402.16      399.94      399.94      398.83      398.83      397.72      397.72      394.38      394.38      391.05      391.05      388.83      388.83      386.61      386.61       385.5       385.5      354.39
      354.39      352.17      348.83      348.83       355.5      356.61      362.17      363.28      364.39       365.5      366.61      367.72      368.83      369.94      373.27      374.39       375.5      376.61      379.94      384.38       385.5      393.27      393.27      395.49      395.49      397.72
      397.72      401.05      401.05      402.16      402.16      409.94      409.94      405.49      404.38      404.38      402.16      402.16      398.83      398.83      397.72      397.72       396.6       396.6      392.16      392.16      389.94      389.94       385.5       385.5      384.38      384.38
      383.27      383.27      382.16      379.94      379.94      371.05      371.05      368.83      367.72      366.61      362.17      361.05      359.94      357.72      357.72      357.72      357.72      354.39      353.28      352.17      352.17      351.06      351.06      349.95      349.95      348.83
      348.83      347.72      347.72      348.83      348.83      349.95      351.06      352.17      353.28      354.39       355.5      356.61      358.83      359.94      361.05      362.17      363.28       365.5      366.61      367.72      368.83      369.94      371.05      372.16      373.27      381.05
      382.16      383.27      384.38       385.5      387.72      388.83      404.38      404.38      407.71      407.71      409.94      409.94      414.38      414.38      411.05      409.94      408.83      405.49      404.38      402.16      402.16      399.94      399.94      398.83      398.83      397.72
      397.72      392.16      392.16      388.83      388.83      386.61      386.61       385.5       385.5      379.94      379.94      382.16      382.16      388.83      389.94      395.49      395.49       396.6       396.6      397.72      399.94      401.05      405.49      402.16      398.83      398.83
      397.72      397.72       396.6       396.6      393.27      393.27      392.16      392.16      389.94      389.94      387.72      386.61       385.5      381.05      381.05      379.94      377.72      377.72      372.16      371.05      367.72      367.72      366.61       365.5      359.94      358.83
       355.5      354.39      352.17      348.83      347.72       345.5       345.5      343.28      339.95      339.95      347.72      348.83      354.39       355.5      356.61      357.72      359.94      361.05      362.17      363.28       365.5      366.61      368.83      369.94      374.39       375.5
      377.72]","[     100.02      103.35      106.68      107.79       108.9      111.12      112.24      113.35      115.57      116.68       118.9      120.01      122.23      123.35      127.79      127.79      141.12      141.12      140.01      140.01      134.45      133.34      126.68      125.57      124.46      124.46
      123.35      123.35      122.23      122.23      121.12      121.12       118.9       118.9      117.79      117.79       118.9       118.9      123.35      123.35      130.01      131.12      132.23      133.34      134.45      134.45      136.68      135.57      134.45      133.34      130.01      127.79
      126.68      125.57      124.46      123.35      122.23      117.79      116.68      114.46      113.35      112.24      111.12      110.01       108.9       108.9      104.46      100.02      95.572      100.02      103.35      104.46      106.68      107.79       108.9      110.01      112.24      113.35
      114.46      115.57      116.68      117.79       118.9      120.01      121.12      122.23      123.35      124.46      125.57       128.9      130.01      133.34      135.57      135.57      143.34      143.34      141.12      141.12      140.01      140.01       138.9      122.23      122.23      120.01
      120.01       118.9       118.9      117.79      117.79      116.68      116.68      115.57      115.57      116.68      116.68      117.79      117.79       118.9       118.9      121.12      121.12      131.12      132.23      132.23      133.34      134.45      136.68      137.79      140.01      141.12
      142.23      143.34      147.79      152.23      152.23      135.57      135.57      127.79      126.68      124.46      123.35      122.23      121.12      120.01      117.79      114.46      113.35      110.01       108.9      106.68      105.57      103.35      101.13      100.02      95.572      91.128
      94.461      96.683      96.683      115.57      115.57      114.46      114.46      115.57      115.57      116.68      116.68      115.57      115.57      114.46      114.46      113.35      113.35      114.46      114.46       118.9       118.9      126.68      127.79      130.01      131.12      133.34
      134.45      137.79       138.9      140.01      143.34      143.34      132.23      132.23      131.12      130.01      127.79      126.68      123.35      122.23      121.12      120.01       118.9      117.79      113.35      112.24      110.01       108.9      104.46      103.35      102.24      100.02
      98.905      97.794      97.794      95.572      91.128      91.128      94.461      96.683      96.683      97.794      97.794      96.683      96.683      94.461      91.128      95.572      98.905      102.24      102.24      103.35      104.46      105.57      106.68      107.79      110.01      111.12
      120.01      121.12      122.23      123.35      124.46      125.57      125.57      126.68      125.57      125.57      124.46      124.46      122.23      122.23      121.12      121.12      120.01      120.01       118.9       118.9      117.79      117.79      116.68      116.68      115.57      115.57
      116.68      116.68      117.79      117.79      120.01      120.01      135.57      136.68      140.01      141.12      143.34      147.79      147.79      134.45      134.45      133.34      133.34      130.01      130.01      127.79      126.68      124.46      123.35      122.23      121.12      120.01
      117.79      112.24      111.12      107.79      106.68      104.46      102.24      101.13      95.572      115.57      116.68       118.9      120.01      126.68      126.68      132.23      133.34      134.45      135.57      136.68      136.68      135.57      135.57      135.57      132.23      131.12
      130.01       128.9      127.79      126.68      123.35      122.23      121.12      120.01      117.79      116.68      114.46      114.46      113.35      113.35      114.46      115.57      114.46      112.24      106.68      106.68      103.35      102.24      102.24      101.13      101.13      100.02
      100.02      101.13      101.13      104.46      104.46      106.68      107.79      110.01      110.01      123.35      123.35      122.23      122.23      121.12      121.12      120.01      120.01       118.9       118.9      117.79      117.79      116.68      116.68      115.57      115.57      114.46
      114.46]",2.0825739008445527,53.730627495904415,0.010209272880229384
25,25,['UG3DQUERUNTERZUG.SGY'],"[29, 51]",94927.61647181606,-839.5912840567647,1.8635371942507517,1.4650787290858145,225.26818532171242,19.00036805220286,"[     214.41      214.41      212.19      212.19      207.75      207.75      206.63      202.19      202.19      206.63      209.97      209.97      212.19      212.19      218.85      219.97      221.08      222.19       223.3      227.74      227.74       213.3       213.3      212.19      212.19      211.08
      211.08      207.75      207.75      205.52      205.52       203.3       203.3      201.08      197.75      197.75      201.08      205.52      205.52      209.97      209.97      211.08      211.08      219.97      221.08      222.19      224.41      225.52      226.63      228.85      232.19      232.19
      215.52      215.52      214.41      214.41      211.08      211.08      207.75      207.75      205.52      197.75      197.75       203.3       203.3      205.52      205.52      211.08      211.08      219.97      221.08       223.3      225.52      226.63      227.74      228.85      232.19      232.19]","[     11.141      15.584      17.806      18.917      23.361      24.472      25.583      25.583      37.803      37.803       34.47      33.359      31.138      30.027      23.361      23.361       22.25       22.25      21.139      21.139      11.141      11.141      15.584      16.695      17.806      18.917
      20.028      23.361      24.472      26.694      27.805      30.027      31.138      33.359      33.359       45.58       45.58      41.136      40.025      35.581       34.47      33.359      32.248      23.361      23.361       22.25       22.25      21.139      21.139      18.917      18.917      11.141
      11.141      14.473      15.584      16.695      20.028      21.139      24.472      25.583      27.805      27.805      50.023      50.023       45.58      43.358      42.247      36.692      35.581      26.694      26.694      24.472      24.472      23.361      23.361       22.25       22.25      11.141]",1.2673315629913497,9.3101803455794,0.016821134120793533
26,26,['UG3DQUERUNTERZUG.SGY'],"[30, 40, 41, 42, 46, 54]",393564.9780390338,-1936.9903576582428,2.4459551322567026,1.278809201593062,395.9578677698647,100.40762961279906,"[     378.83      378.83      371.05      371.05      368.83      368.83      364.39      363.28      356.61      353.28      353.28      356.61      357.72      357.72      358.83      359.94      361.05      362.17      363.28      364.39      368.83      368.83      371.05      371.05      376.61      377.72
      378.83      381.05      382.16      384.38       385.5      391.05      392.16      393.27       396.6      397.72      398.83      399.94      404.38      405.49      409.94      411.05      413.27      414.38      415.49      422.16      422.16      425.49      425.49      427.71      427.71      429.93
      431.04      432.15      441.04      441.04      437.71      434.38      434.38      433.27      432.15      429.93      429.93      427.71       426.6      425.49      425.49      421.05      421.05      418.82      418.82      414.38      414.38       375.5       375.5      369.94      369.94      367.72
      367.72      363.28      362.17      361.05      359.94      358.83      357.72      354.39      354.39      353.28      348.83      348.83      353.28      354.39      357.72      359.94      361.05      363.28      364.39      366.61      366.61      368.83      368.83      371.05      371.05       375.5
      376.61      377.72      378.83      379.94      381.05      382.16      383.27      384.38      387.72      388.83      395.49       396.6      399.94      401.05       406.6      407.71      411.05      412.16      413.27      417.71      417.71      422.16      422.16      423.27      423.27      424.38
       426.6      427.71      428.82      432.15      432.15      431.04      431.04      429.93      429.93      428.82      428.82      425.49      425.49      424.38      423.27      422.16      421.05      419.93      418.82      414.38      414.38      413.27      413.27      412.16      412.16      377.72
      377.72      374.39      374.39      372.16      372.16      371.05      371.05      369.94      369.94      368.83      368.83      367.72      366.61       365.5      364.39      362.17      357.72      357.72      363.28      364.39       365.5      366.61      366.61      367.72      367.72      368.83
      368.83      369.94      369.94      372.16      374.39       375.5      377.72      378.83      381.05      382.16      393.27      394.38      395.49       396.6       396.6      397.72      399.94      399.94      403.27       406.6      407.71      408.83      409.94      411.05      412.16      413.27
      414.38      415.49      422.16      423.27      431.04      431.04      433.27      434.38      437.71      445.49      445.49      442.15      439.93      439.93      438.82      438.82      437.71      437.71       436.6       436.6      435.49      435.49      433.27      433.27      432.15      431.04
       426.6      425.49      423.27      422.16      421.05      418.82      413.27      413.27      411.05      411.05       375.5       375.5      374.39      373.27      369.94      369.94      368.83      368.83       365.5       365.5      364.39      364.39      362.17      361.05      357.72      353.28
      353.28      356.61      363.28      363.28      366.61      366.61      367.72      367.72      371.05      372.16      373.27      388.83      389.94      393.27      395.49       396.6      397.72      398.83      399.94      404.38      405.49       406.6      407.71      408.83      414.38      423.27
      423.27      425.49      425.49      427.71      427.71      429.93      429.93      431.04      431.04      432.15      432.15      437.71      438.82      442.15      442.15      445.49      445.49      442.15      439.93      439.93      438.82      438.82      437.71      437.71       436.6       436.6
      435.49      435.49      433.27      433.27      432.15      431.04      421.05      419.93      417.71      417.71      415.49      415.49      414.38      414.38      435.49       436.6       436.6      442.15      444.38      444.38      443.26      443.26      442.15      442.15      439.93       436.6
       436.6      435.49      435.49      428.82      428.82      427.71      427.71      425.49      425.49      424.38      424.38      422.16      422.16      419.93      419.93      414.38      414.38      378.83      378.83      374.39      374.39      372.16      372.16      371.05      371.05      369.94
      369.94      368.83      368.83      367.72      366.61      364.39      364.39      361.05      357.72      357.72       365.5      366.61      366.61      367.72      367.72      371.05      371.05      373.27       375.5      376.61      377.72      378.83      381.05      382.16      383.27      384.38
      393.27       396.6      399.94      401.05      402.16      404.38      405.49      412.16      413.27      415.49       416.6      417.71      418.82      419.93      421.05      422.16      424.38      425.49       426.6      428.82      377.72      377.72      374.39      374.39      368.83      368.83
      364.39      364.39      359.94      359.94      358.83      358.83      357.72      353.28      353.28      356.61      358.83      362.17      363.28      364.39      367.72      368.83      372.16      373.27       375.5      376.61      377.72      378.83      379.94      381.05      383.27      384.38
       385.5      387.72      388.83      392.16      393.27       396.6      397.72      401.05      402.16      403.27       406.6      407.71      411.05      412.16      415.49       416.6      418.82      419.93      421.05      422.16      423.27      423.27      424.38      427.71      427.71      423.27
      421.05      421.05      419.93      419.93       416.6       416.6      415.49      415.49      414.38      414.38      413.27      413.27      409.94      409.94       406.6       406.6]","[     86.684      90.017      97.794      98.905      101.13      102.24      106.68      106.68      113.35      113.35      127.79      127.79      126.68      125.57      124.46      124.46      123.35      123.35      122.23      122.23      117.79      116.68      114.46      113.35      107.79      107.79
      106.68      106.68      105.57      105.57      104.46      104.46      103.35      104.46      104.46      105.57      105.57      104.46      104.46      105.57      105.57      106.68      106.68      107.79      107.79      114.46      115.57       118.9      120.01      122.23      123.35      125.57
      125.57      126.68      126.68      117.79      117.79      114.46      113.35      112.24      112.24      110.01       108.9      106.68      106.68      105.57      104.46      100.02      98.905      96.683      95.572      91.128      86.684      86.684      91.128      96.683      97.794      100.02
      101.13      105.57      105.57      106.68      106.68      107.79      107.79      111.12      112.24      113.35      113.35      125.57      125.57      126.68      126.68      124.46      124.46      122.23      122.23      120.01       118.9      116.68      115.57      113.35      112.24      107.79
      107.79      106.68      106.68      105.57      105.57      104.46      104.46      103.35      103.35      102.24      102.24      103.35      103.35      102.24      102.24      103.35      103.35      104.46      104.46       108.9      110.01      114.46      115.57      116.68      117.79      117.79
      120.01      120.01      121.12      121.12      117.79      116.68      115.57      114.46      112.24      111.12       108.9      105.57      104.46      103.35      103.35      102.24      102.24      101.13      101.13      96.683      95.572      94.461       93.35      92.239      86.684      86.684
      90.017       93.35      94.461      96.683      97.794      98.905      101.13      102.24      103.35      104.46      106.68      107.79      107.79       108.9       108.9      111.12      111.12      124.46      124.46      123.35      123.35      122.23      121.12      120.01      116.68      115.57
      113.35      112.24       108.9      106.68      106.68      105.57      105.57      104.46      104.46      103.35      103.35      104.46      104.46      105.57      106.68      107.79      107.79      106.68      103.35      103.35      104.46      104.46      105.57      105.57      106.68      106.68
      107.79      107.79      114.46      114.46      122.23      123.35      125.57      125.57       128.9       128.9      126.68      126.68      124.46      121.12      120.01      117.79      116.68      115.57      114.46      113.35      112.24      111.12       108.9      107.79      106.68      106.68
      102.24      102.24      100.02      100.02      98.905      98.905       93.35      92.239      90.017      86.684      86.684      91.128      92.239      92.239      95.572      97.794      98.905      100.02      103.35      104.46      105.57      106.68       108.9       108.9      112.24      112.24
      124.46      124.46      117.79      116.68      113.35      112.24      111.12       108.9      105.57      105.57      104.46      104.46      105.57      105.57      107.79      107.79       108.9       108.9      107.79      107.79       108.9      107.79      107.79      106.68      106.68      115.57
      116.68       118.9      120.01      122.23      123.35      125.57      126.68      127.79       128.9      130.01      131.12      136.68      136.68      140.01      143.34      143.34      125.57      125.57      123.35      121.12      120.01       118.9      117.79      116.68      115.57      114.46
      113.35      112.24      110.01       108.9      107.79      107.79      97.794      97.794      95.572      94.461      92.239      91.128      90.017      86.684      113.35      114.46      115.57      121.12       118.9      113.35      112.24      110.01       108.9      107.79      105.57      105.57
      106.68      107.79      113.35      113.35      112.24      111.12       108.9      106.68      105.57      104.46      103.35      101.13      100.02      97.794      96.683      91.128      86.684      86.684      90.017      94.461      95.572      97.794      100.02      101.13      102.24      103.35
      106.68      107.79      110.01      111.12      111.12      113.35      114.46      117.79      117.79      124.46      124.46      123.35      120.01       118.9      114.46      111.12      110.01      107.79      107.79      106.68      106.68      105.57      105.57      104.46      104.46      103.35
      103.35      106.68      106.68      107.79      106.68      106.68      105.57      105.57      106.68      106.68      107.79      107.79       108.9       108.9      110.01      110.01      112.24      112.24      113.35      113.35      86.684      90.017       93.35      94.461      100.02      101.13
      105.57      106.68      111.12      112.24      113.35      114.46      115.57      115.57      121.12      121.12       118.9       118.9      117.79      117.79      114.46      114.46      111.12      111.12       108.9       108.9      107.79      107.79      106.68      106.68      104.46      104.46
      103.35      103.35      102.24      102.24      101.13      101.13      102.24      102.24      103.35      103.35      106.68      106.68      110.01      110.01      113.35      113.35      115.57      115.57      116.68      116.68      117.79      120.01      121.12      121.12      116.68      116.68
      114.46      112.24      111.12      110.01      106.68      104.46      103.35      102.24      101.13      100.02      98.905      97.794      94.461       93.35      90.017      86.684]",2.2276110704352448,49.19973851027154,0.014682501812257094
27,27,['UG3DQUERUNTERZUG.SGY'],[50],177295.64092227994,-2311.2646495193726,8.088533517378018,0.7032262941001838,142.87291043263136,110.39514162242696,"[     135.53      135.53      128.87      128.87      126.65      126.65      123.31      123.31      121.09      121.09      116.65      116.65       112.2      108.87      108.87       112.2      114.43      114.43      115.54      115.54      116.65      116.65      118.87      118.87      121.09      121.09
      126.65      126.65      128.87      128.87      131.09      131.09      137.76      137.76      138.87      143.31      145.53      146.64      148.87      148.87      151.09      151.09       152.2       152.2      153.31      153.31      154.42      156.64      156.64      157.75      157.75      158.86
      158.86      159.98      159.98      158.86      158.86      157.75      157.75      154.42      154.42      151.09      151.09      149.98      149.98]","[     95.572      100.02      106.68      107.79      110.01      111.12      114.46      115.57      117.79       118.9      123.35      124.46       128.9       128.9      147.79      147.79      145.56      144.45      143.34      142.23      141.12      140.01      137.79      136.68      134.45      133.34
      127.79      126.68      124.46      123.35      121.12      120.01      113.35      112.24      111.12      111.12      113.35      113.35      115.57      116.68       118.9      121.12      122.23      124.46      125.57      126.68      125.57      125.57      124.46      123.35      122.23      121.12
      120.01       118.9      114.46      113.35      112.24      111.12      110.01      106.68      105.57      102.24      101.13      100.02      95.572]",0.803785712701161,54.09361939498921,0.008074012389565531
